{
  "hash": "3d1e202f",
  "browserHash": "105a5780",
  "optimized": {
    "@angular/core": {
      "src": "../../../../../node_modules/@angular/core/fesm2022/core.mjs",
      "file": "@angular_core.js",
      "fileHash": "88eb21bc",
      "needsInterop": false
    },
    "@angular/platform-browser": {
      "src": "../../../../../node_modules/@angular/platform-browser/fesm2022/platform-browser.mjs",
      "file": "@angular_platform-browser.js",
      "fileHash": "a05475d3",
      "needsInterop": false
    },
    "@angular/router": {
      "src": "../../../../../node_modules/@angular/router/fesm2022/router.mjs",
      "file": "@angular_router.js",
      "fileHash": "9135c36a",
      "needsInterop": false
    },
    "@angular/forms": {
      "src": "../../../../../node_modules/@angular/forms/fesm2022/forms.mjs",
      "file": "@angular_forms.js",
      "fileHash": "41ca2fac",
      "needsInterop": false
    },
    "@angular/common/http": {
      "src": "../../../../../node_modules/@angular/common/fesm2022/http.mjs",
      "file": "@angular_common_http.js",
      "fileHash": "a5656297",
      "needsInterop": false
    },
    "@angular/common": {
      "src": "../../../../../node_modules/@angular/common/fesm2022/common.mjs",
      "file": "@angular_common.js",
      "fileHash": "2f1c5720",
      "needsInterop": false
    },
    "rxjs/operators": {
      "src": "../../../../../node_modules/rxjs/dist/esm5/operators/index.js",
      "file": "rxjs_operators.js",
      "fileHash": "56357d6f",
      "needsInterop": false
    }
  },
  "chunks": {
    "chunk-7OCWUXMR": {
      "file": "chunk-7OCWUXMR.js"
    },
    "chunk-T4QVKKTX": {
      "file": "chunk-T4QVKKTX.js"
    },
    "chunk-YYIN6ECK": {
      "file": "chunk-YYIN6ECK.js"
    },
    "chunk-IKSNDEP5": {
      "file": "chunk-IKSNDEP5.js"
    },
    "chunk-KMT4BUA5": {
      "file": "chunk-KMT4BUA5.js"
    }
  }
}